,1,2,3,4,5,6,7,8,9,10,11,12,13,14,15,16,17,18,19,20,21,22,23,24,25,26,27,28,29,30,31,32,33,34,35,36,37,38,39,40,41,42,43,44,45,46,47,48,49,50,51,52,53,54,55,56,57,58,Sample,moisture_content,pH,N_prop,C_prop,NH4N_prop,Si04Si_prop,N02N_prop,PO4P_prop,NO3N_prop
1,12071368.90909091,-3101777.4545454546,-1727703.3636363638,1052690.0,-627548.0909090909,715179.4545454546,-444936.45454545453,-372775.09090909094,761595.0000000001,-407521.36363636365,708965.7272727273,-352836.9090909091,-206368.27272727274,396484.7272727273,-298951.9090909091,-238219.54545454547,903619.8181818182,-479297.09090909094,695104.0909090909,343930.5454545455,257311.7272727273,-313475.09090909094,-569397.9090909091,268472.36363636365,-285152.7272727273,-270741.0,-342639.0,-151158.45454545456,-292359.45454545453,211103.0,580954.7272727273,781891.0909090909,-402649.1818181818,-135293.45454545456,240091.2727272727,-214855.27272727274,-342102.00000000006,-134834.27272727274,-102311.63636363637,-115406.0,-78130.18181818182,-145636.18181818182,-412853.09090909094,-96132.63636363637,-192559.09090909088,-85052.72727272728,-48301.36363636364,-95560.63636363637,756862.6363636364,182849.63636363638,-233067.0,-78595.0,144703.0,196486.9090909091,349724.63636363635,-119807.09090909091,107647.0,-475500.7272727273,1755.4545454545455,522.7140516349308,-1372.319090909091,795.3921154280007,10474.533719224997,116628.55151818179,58054.472865454554,-884.3817690909091,128.94424636363638,-1874.4382363636364
2,-3101777.4545454546,4251151.606060607,62828.13636363642,-584052.3484848485,84395.9393939394,-446138.9848484849,94812.59090909091,29386.651515151523,-289007.5151515152,73301.5909090909,-423192.16666666674,127528.5757575758,-94712.31818181822,-251620.31818181815,152314.5,-96773.98484848486,-249686.59090909088,603006.0757575759,-136869.13636363635,-241746.19696969702,-166178.9393939394,-14125.34848484848,418510.3181818182,-178367.54545454547,-94533.19696969698,44212.0,-5422.030303030324,110369.37878787877,-70784.56060606061,-139883.4090909091,-158635.53030303033,-205465.22727272732,149209.25757575757,-47069.7878787879,-72127.74242424243,397316.77272727276,100592.53030303032,15867.303030303032,55800.545454545456,38862.545454545456,119055.36363636366,42480.378787878784,2761.984848484854,5732.954545454546,17391.9393939394,2145.106060606061,-84299.5303030303,11805.348484848484,-235967.43939393936,-110981.60606060606,119752.90909090909,13020.01515151515,-93977.0303030303,-124478.84848484851,-228256.96969696973,11715.454545454548,-74183.65151515152,-146.81818181816823,-1824.0909090909095,-229.2824578972002,813.4324242424242,-222.9197270389153,-2890.3231142014006,-44089.12042393939,-19615.48562060606,232.3799036363636,-283.69619469696966,223.18349242424244
3,-1727703.3636363638,62828.13636363642,730950.75,-318789.7045454546,404400.8181818181,-244793.84090909097,140627.8409090909,138070.93181818182,-157780.81818181823,95765.02272727274,-230847.25000000006,87960.95454545456,146632.06818181818,-136313.3409090909,71906.15909090909,143757.1590909091,-137525.29545454547,-18014.65909090909,-84665.88636363637,-134885.52272727276,-90994.18181818184,152939.43181818182,5004.659090909091,-96329.63636363637,158369.25,99215.54545454546,148017.54545454547,10205.431818181818,161009.56818181818,-77482.93181818182,-85838.52272727275,-110865.06818181819,77296.06818181819,57033.136363636375,-40642.70454545455,-15022.568181818182,84001.93181818184,60962.13636363637,6854.863636363637,37853.181818181816,-13307.863636363636,27178.750000000007,177319.88636363635,33719.795454545456,75527.86363636363,32612.97727272728,43574.250000000015,36770.931818181816,-126767.24999999999,-60192.04545454545,57117.36363636364,11803.56818181818,-49175.77272727273,-67942.68181818182,-123070.2272727273,38066.954545454544,-38285.022727272735,186950.86363636365,-1286.0454545454545,-100.26721273625502,224.34045454545458,-88.264606628287,-1201.8487004374967,-23853.860052272725,-13328.878512727275,249.44189454545457,-134.35197795454545,576.9976704545456
4,1052690.0,-584052.3484848485,-318789.7045454546,328333.53787878796,-214045.2424242424,247860.1287878788,-79793.70454545454,-68489.82575757575,127750.03030303032,-77630.15909090909,239364.99242424243,-61515.924242424255,-44845.29545454545,141037.56818181818,-52033.02272727273,-47148.234848484855,79460.25000000001,-91144.44696969698,32219.477272727272,153415.68939393942,92142.42424242427,-57583.41666666667,-90736.34090909091,100410.8181818182,-56249.53787878789,-51284.909090909096,-62879.84848484848,-27394.7803030303,-57148.03787878789,78943.06818181819,47524.446969696975,59046.56818181817,-72516.62878787878,-22920.833333333332,22523.507575757576,-42725.022727272735,-64153.58333333334,-25161.560606060604,-17441.136363636364,-21207.363636363636,-14132.59090909091,-24027.371212121212,-73476.99242424243,-17860.840909090908,-36001.19696969697,-16907.962121212124,-6033.325757575759,-17572.492424242428,82278.35606060606,61210.166666666664,-44970.00000000001,-16044.007575757574,43133.10606060606,70850.92424242425,122286.71212121214,-22545.13636363636,38035.55303030304,-87599.04545454547,560.1363636363637,87.67133816699878,-248.27348484848488,48.07200721216948,662.2644088243738,19340.428304696972,10271.359950303033,-160.89926363636363,160.63233598484854,-334.53412893939395
5,-627548.0909090909,84395.9393939394,404400.8181818181,-214045.2424242424,289768.0606060606,-164407.9696969697,61570.09090909091,77220.8484848485,-82284.39393939395,23538.63636363636,-157198.87878787876,50669.60606060606,61398.72727272727,-92906.00000000001,58484.909090909096,59985.303030303025,-51090.909090909096,-2712.2121212121183,-17953.999999999996,-100888.57575757577,-61634.8787878788,89046.21212121213,-16447.0,-66248.63636363635,82172.51515151517,51795.818181818184,87011.84848484848,2235.939393939392,89855.33333333336,-52940.454545454544,-29787.24242424242,-36175.18181818182,47311.9696969697,32292.333333333336,-15009.484848484848,-3379.363636363635,49282.696969696975,38987.87878787879,5124.545454545455,22139.545454545456,-1650.9090909090903,13799.393939393944,104337.96969696968,16375.727272727274,37602.78787878788,20894.21212121212,15170.48484848485,19358.969696969696,-53296.878787878784,-40382.30303030303,29255.818181818184,4598.484848484849,-31859.15151515152,-46729.242424242424,-82185.12121212122,19120.090909090908,-26460.303030303035,95467.72727272728,-570.6363636363636,-50.67395847140339,118.54666666666675,-21.311278339946494,-282.8623374601609,-12245.287056969699,-7232.395019393938,133.62439999999998,-103.72719303030303,312.5321393939394
6,715179.4545454546,-446138.9848484849,-244793.84090909097,247860.1287878788,-164407.9696969697,200932.26515151514,-61731.295454545456,-52049.41666666667,94884.21212121214,-58279.02272727273,178068.49242424243,-45211.10606060606,-34886.25,111051.79545454544,-36888.70454545455,-37288.280303030304,51100.38636363637,-68851.2196969697,21809.522727272728,114747.73484848485,72039.15151515152,-44520.37121212121,-64747.93181818182,80338.81818181818,-44179.219696969696,-39678.909090909096,-48073.666666666664,-20455.007575757576,-44542.719696969696,63088.295454545456,32422.128787878784,40608.97727272728,-53074.310606060615,-19092.742424242428,17814.2803030303,-33178.159090909096,-50224.26515151516,-19349.106060606064,-12051.772727272728,-16446.272727272728,-9919.409090909092,-16625.507575757576,-56053.76515151515,-13648.886363636364,-27979.287878787876,-12362.916666666668,-3365.9166666666656,-13941.7196969697,56912.219696969696,45801.89393939395,-34137.27272727273,-12025.780303030304,31521.924242424244,54888.83333333335,96695.3484848485,-17076.68181818182,29849.50757575758,-68644.95454545454,489.3181818181818,66.90903253635916,-189.58348484848491,32.197953527180736,445.4203581607602,15848.913240151518,8656.596488484847,-122.55774363636365,166.89612553030307,-259.2809916666667
7,-444936.45454545453,94812.59090909091,140627.8409090909,-79793.70454545454,61570.09090909091,-61731.295454545456,38853.47727272727,26714.386363636364,-40237.909090909096,32271.386363636364,-58190.704545454544,18548.68181818182,38100.795454545456,-34434.704545454544,3443.7954545454545,37808.61363636364,-34920.02272727273,6802.704545454546,-22476.795454545456,-33361.52272727273,-22854.090909090908,27645.613636363632,16710.295454545456,-24370.454545454548,34771.15909090909,22889.18181818182,25036.727272727272,5842.522727272728,31258.659090909096,-19405.477272727272,-22036.886363636364,-28608.522727272728,16330.704545454546,14102.59090909091,-10696.25,5456.431818181818,25758.47727272728,9292.59090909091,2598.7727272727275,8542.454545454546,-1616.1363636363637,7662.931818181818,29339.886363636364,8946.25,19107.590909090908,5218.159090909091,10638.704545454546,9447.568181818182,-31886.704545454548,-15285.59090909091,15541.454545454546,3771.2045454545455,-12375.5,-17101.68181818182,-31118.59090909091,8758.681818181818,-9412.931818181818,44402.22727272727,-379.5,-25.455491288764048,63.325909090909086,-21.646538715638133,-306.0942323297529,-6097.040985,-3211.579305454546,56.30126727272727,-35.09304977272727,137.31131590909092
8,-372775.09090909094,29386.651515151523,138070.93181818182,-68489.82575757575,77220.8484848485,-52049.41666666667,26714.386363636364,28045.7196969697,-33629.878787878784,18396.204545454548,-49289.00757575757,19283.712121212116,23097.15909090909,-28996.97727272728,17168.06818181818,23525.310606060604,-29129.113636363636,3946.7348484848494,-18150.886363636364,-29214.94696969697,-19271.39393939394,29155.037878787876,6037.204545454547,-20476.454545454548,30403.371212121212,19239.818181818184,27761.787878787876,3385.5833333333326,29691.50757575757,-16408.477272727272,-18243.825757575756,-23587.068181818184,17548.916666666664,14139.166666666668,-8426.583333333332,-2307.295454545453,21602.598484848484,11547.439393939394,2148.863636363636,7433.454545454546,-1622.5,6108.628787878789,36447.82575757575,6532.795454545455,13482.257575757574,6778.765151515151,7034.94696969697,7369.598484848485,-26763.553030303035,-12769.742424242426,11654.818181818182,2676.2651515151515,-10125.257575757576,-14481.984848484846,-25824.37878787879,7497.045454545453,-7983.446969696968,35432.227272727265,-275.4090909090909,-20.85935538193069,49.43196969696971,-18.367079535252927,-249.63977209592218,-5100.346069848485,-2823.318671515152,54.62775818181819,-28.72676765151515,140.90753833333335
9,761595.0000000001,-289007.5151515152,-157780.81818181823,127750.03030303032,-82284.39393939395,94884.21212121214,-40237.909090909096,-33629.878787878784,64563.33333333335,-37077.36363636364,90895.21212121211,-30172.9393939394,-20273.363636363636,53244.818181818184,-25323.818181818184,-22584.333333333332,57629.09090909091,-45592.9393939394,37015.45454545455,53277.24242424243,34817.484848484855,-28994.24242424242,-46977.0,37467.181818181816,-27187.66666666667,-25354.636363636364,-31591.69696969698,-13336.333333333336,-27714.939393939392,29508.454545454548,36374.03030303031,47641.090909090904,-34558.21212121212,-12437.575757575758,16137.242424242426,-21058.545454545456,-31698.75757575758,-12599.575757575762,-8350.727272727272,-10725.272727272728,-6373.454545454546,-12045.87878787879,-36897.30303030303,-8710.363636363638,-17855.757575757576,-7985.60606060606,-3330.8787878787875,-8840.39393939394,52575.30303030302,23431.787878787884,-21848.818181818184,-7136.151515151516,17334.484848484848,26536.39393939394,46787.878787878784,-10855.181818181818,14487.606060606062,-43631.72727272728,254.0909090909091,44.13533820603434,-121.58333333333334,44.482756215535304,594.7877796371095,9902.156506666668,5102.034322424243,-79.64607636363635,50.894719696969716,-168.91974060606063
10,-407521.36363636365,73301.5909090909,95765.02272727274,-77630.15909090909,23538.63636363636,-58279.02272727273,32271.386363636364,18396.204545454548,-37077.36363636364,53089.659090909096,-55757.88636363637,14106.863636363636,30175.704545454548,-32917.704545454544,1524.5227272727273,28766.613636363636,-30597.204545454548,4718.795454545454,-19175.704545454548,-32917.25,-21509.909090909092,10418.25,41151.659090909096,-23227.363636363636,15096.34090909091,14634.818181818182,17052.909090909092,9819.34090909091,14064.931818181818,-18334.659090909092,-19315.522727272728,-25199.25,18623.977272727272,-4290.954545454546,-8884.34090909091,2629.7954545454545,-84.70454545454682,3076.7727272727275,3476.590909090909,3105.909090909091,-1222.9545454545455,6792.568181818182,14248.977272727274,5672.886363636364,11384.136363636364,2675.340909090909,10012.613636363636,2860.204545454546,-28976.886363636364,-14416.954545454546,12956.818181818182,8485.204545454546,-8325.409090909092,-16388.227272727272,-28837.95454545455,8698.045454545454,-8193.295454545454,26448.409090909092,-96.86363636363636,-29.786010994719557,74.58136363636363,-28.038972834915196,-393.9581149140799,-5748.320190454546,-2892.790981818182,42.24636181818182,-34.995399772727275,39.467504999999996
11,708965.7272727273,-423192.16666666674,-230847.25000000006,239364.99242424243,-157198.87878787876,178068.49242424243,-58190.704545454544,-49289.00757575757,90895.21212121211,-55757.88636363637,176418.8106060606,-43514.01515151515,-33001.84090909091,102359.56818181816,-36099.295454545456,-34722.87121212121,55353.159090909096,-66789.90151515152,19063.386363636364,113288.41666666669,67233.8787878788,-42259.05303030303,-64679.52272727273,72651.27272727272,-41457.53787878788,-37579.36363636364,-45949.757575757576,-19403.689393939392,-41865.76515151515,57210.61363636364,32262.265151515156,39341.022727272735,-50749.992424242424,-17346.10606060606,15121.96212121212,-31386.84090909091,-47159.583333333336,-18382.469696969696,-12209.954545454546,-15620.272727272724,-9528.318181818182,-17403.916666666664,-52883.53787878789,-13008.113636363636,-26462.742424242417,-12356.14393939394,-4681.05303030303,-12938.492424242424,57686.7196969697,45159.34848484849,-32797.454545454544,-11154.462121212122,32235.106060606056,51684.28787878789,89032.6212121212,-16179.772727272724,27764.00757575758,-63884.409090909096,438.3181818181818,61.144076767166936,-175.31712121212126,29.338817190631627,411.55378232873244,13228.240595606061,6972.361412121212,-115.91634727272725,107.5913359848485,-243.7183943939394
12,-352836.9090909091,127528.5757575758,87960.95454545456,-61515.924242424255,50669.60606060606,-45211.10606060606,18548.68181818182,19283.712121212116,-30172.9393939394,14106.863636363636,-43514.01515151515,18945.60606060606,12886.045454545454,-25351.045454545456,18437.954545454548,12185.348484848484,-26566.5,12089.10606060606,-16584.409090909092,-26218.621212121212,-16627.515151515152,17935.984848484848,15675.5,-17802.999999999996,17125.37878787879,12838.272727272724,15352.939393939396,5992.348484848486,16813.560606060608,-14157.681818181818,-16599.287878787884,-21652.045454545452,17982.106060606064,6718.515151515152,-7053.348484848485,7494.772727272728,15963.10606060606,7359.333333333334,3549.5454545454545,5115.818181818182,2905.818181818182,4822.712121212122,25822.742424242428,4240.136363636364,8218.69696969697,4092.166666666667,2617.6212121212125,4735.19696969697,-24226.74242424242,-11107.575757575758,10410.727272727274,2171.075757575758,-9230.51515151515,-12704.9696969697,-22005.848484848488,5134.090909090909,-6854.712121212122,20660.454545454548,-248.54545454545456,-21.01953414350398,55.94484848484849,-20.426362560185726,-271.0125556339659,-4646.012545151514,-2432.907663030303,42.13303818181818,-24.158210757575752,100.21326212121211
13,-206368.27272727274,-94712.31818181822,146632.06818181818,-44845.29545454545,61398.72727272727,-34886.25,38100.795454545456,23097.15909090909,-20273.363636363636,30175.704545454548,-33001.84090909091,12886.045454545454,78453.47727272728,-19585.204545454548,-5919.159090909091,65118.56818181818,-15745.795454545456,-27550.97727272727,-9594.568181818182,-19734.568181818184,-12940.272727272728,25847.93181818182,-22306.568181818184,-13828.0,43774.38636363637,18577.818181818184,14794.272727272728,-2434.977272727273,37226.068181818184,-11289.068181818182,-9123.75,-11844.659090909092,1744.659090909091,1983.7727272727277,-5137.840909090909,-10237.704545454546,3627.250000000001,5352.863636363637,-2882.409090909091,4549.272727272727,-6074.5,4285.886363636364,22849.38636363636,9372.022727272728,20294.863636363636,2351.2954545454545,24552.93181818182,9074.795454545454,-14307.386363636362,-8606.136363636362,9233.272727272728,-296.3863636363636,-8765.772727272728,-9797.681818181818,-17936.500000000004,6935.045454545455,-5451.795454545455,42344.22727272727,-518.7727272727273,-15.4951938464324,17.384999999999966,-11.187487367480902,-161.23826416202013,-3219.757198636363,-1845.6180400000003,30.783950909090912,-20.596900227272727,59.59557863636364
14,396484.7272727273,-251620.31818181815,-136313.3409090909,141037.56818181818,-92906.00000000001,111051.79545454544,-34434.704545454544,-28996.97727272728,53244.818181818184,-32917.704545454544,102359.56818181816,-25351.045454545456,-19585.204545454548,62240.93181818182,-20909.93181818182,-20726.204545454548,29271.977272727272,-39473.02272727273,10988.659090909092,66057.47727272728,40550.72727272727,-24727.022727272728,-37092.704545454544,44750.818181818184,-24409.931818181813,-22142.272727272728,-26873.454545454548,-11504.93181818182,-24689.977272727272,35172.25,17934.477272727276,22147.840909090908,-29802.568181818177,-10213.68181818182,9407.568181818184,-18798.386363636364,-27685.522727272724,-10782.499999999998,-6926.590909090909,-9177.454545454546,-5639.409090909091,-9633.704545454546,-31013.47727272727,-7621.659090909091,-15615.409090909092,-7035.295454545455,-2139.5681818181815,-7678.522727272726,32150.749999999996,26278.13636363637,-19238.909090909092,-6717.159090909091,18289.500000000004,30999.954545454548,54163.318181818184,-9549.227272727274,16784.159090909092,-37994.409090909096,267.6818181818182,37.0310654029263,-105.57136363636364,17.039585678029386,237.5029724647004,8487.418224090909,4586.500749090909,-68.31576181818183,84.21870750000001,-142.96449681818183
15,-298951.9090909091,152314.5,71906.15909090909,-52033.02272727273,58484.909090909096,-36888.70454545455,3443.7954545454545,17168.06818181818,-25323.818181818184,1524.5227272727273,-36099.295454545456,18437.954545454548,-5919.159090909091,-20909.93181818182,46658.204545454544,-8159.25,-23384.25,63558.29545454545,-12796.113636363636,-22041.29545454546,-13834.454545454546,13798.931818181822,15240.431818181818,-14591.727272727274,1345.5681818181815,7315.636363636364,14278.27272727273,6421.295454545453,7573.613636363637,-11748.159090909092,-14408.295454545454,-18702.113636363636,19312.295454545456,-5580.772727272728,-5100.659090909091,11044.568181818182,-3893.477272727276,9005.772727272728,4215.590909090909,3355.0,4691.318181818182,3230.6136363636365,25336.204545454548,-599.0681818181819,367.5000000000002,5505.659090909091,-4459.977272727272,-472.2954545454545,-21973.56818181818,-9095.59090909091,8597.454545454546,-505.02272727272697,-8438.227272727274,-10523.59090909091,-18251.59090909091,2566.227272727273,-6233.340909090909,1786.6818181818182,-129.6818181818182,-21.982645962876152,62.110454545454616,-25.348032405138607,-307.8725441244402,-3911.727702272727,-1966.1464072727272,36.46381454545455,-19.185329318181818,52.31891318181819
16,-238219.54545454547,-96773.98484848486,143757.1590909091,-47148.234848484855,59985.303030303025,-37288.280303030304,37808.61363636364,23525.310606060604,-22584.333333333332,28766.613636363636,-34722.87121212121,12185.348484848484,65118.56818181818,-20726.204545454548,-8159.25,57792.446969696975,-18309.613636363636,-29663.94696969697,-12116.659090909092,-20274.356060606064,-13727.666666666666,27864.628787878784,-16046.750000000004,-14690.36363636364,43440.234848484855,20320.727272727272,19543.333333333336,-1499.1893939393944,37640.1893939394,-11880.06818181818,-11119.053030303032,-14456.113636363641,4177.598484848484,9210.439393939396,-6061.35606060606,-10790.159090909094,12889.189393939392,6927.80303030303,-1715.772727272727,5961.090909090909,-6763.5,4674.128787878789,24970.598484848477,9531.295454545454,20843.712121212116,3286.992424242424,20535.17424242424,9619.825757575758,-16521.507575757572,-9130.106060606062,9704.818181818182,961.6742424242426,-8656.075757575758,-10311.98484848485,-18927.742424242424,7500.318181818182,-5648.037878787879,45497.31818181819,-432.04545454545445,-14.353627647384837,18.570151515151487,-9.72368488085622,-147.64023727547456,-3520.696599848485,-2023.0626351515152,35.44493272727273,-21.721655378787883,86.76971015151516
17,903619.8181818182,-249686.59090909088,-137525.29545454547,79460.25000000001,-51090.909090909096,51100.38636363637,-34920.02272727273,-29129.113636363636,57629.09090909091,-30597.204545454548,55353.159090909096,-26566.5,-15745.795454545456,29271.977272727272,-23384.25,-18309.613636363636,70056.02272727274,-40389.704545454544,51588.88636363637,26382.795454545456,19473.545454545456,-25769.340909090908,-43347.931818181816,19492.0,-22520.068181818184,-21735.0,-28109.818181818184,-11290.43181818182,-23390.02272727273,15483.022727272728,44372.34090909091,59216.25,-29266.340909090904,-10813.59090909091,18023.431818181816,-17927.25,-26216.022727272724,-11245.136363636362,-7301.045454545455,-9419.363636363636,-5164.590909090909,-11136.84090909091,-32961.340909090904,-7322.522727272727,-15222.681818181818,-6870.25,-3776.886363636363,-7517.749999999999,58340.61363636364,14390.045454545454,-18595.636363636364,-5277.295454545455,12063.318181818182,14743.772727272728,26405.045454545456,-9094.5,8224.84090909091,-37050.5,183.13636363636365,38.455188946277715,-102.96227272727275,58.48263554283233,773.0930968007921,8249.92019409091,3997.756687272728,-68.88015272727273,-2.1520411363636365,-146.401185
18,-479297.09090909094,603006.0757575759,-18014.65909090909,-91144.44696969698,-2712.2121212121183,-68851.2196969697,6802.704545454546,3946.7348484848494,-45592.9393939394,4718.795454545454,-66789.90151515152,12089.10606060606,-27550.97727272727,-39473.02272727273,63558.29545454545,-29663.94696969697,-40389.704545454544,279329.5378787879,-21131.386363636364,-37458.507575757576,-26301.333333333332,-11797.128787878783,70514.88636363637,-27949.54545454546,-25494.189393939403,4883.454545454546,-10721.151515151516,19682.14393939394,-23069.507575757576,-21935.795454545452,-25402.901515151516,-32704.750000000007,16929.53787878788,-11028.07575757576,-10636.96212121212,63649.6590909091,4101.401515151516,-195.80303030303008,10238.318181818184,5251.545454545455,15698.954545454546,11187.64393939394,-12736.91666666667,-3099.977272727273,-2571.4393939393917,4774.234848484849,-18461.03787878788,-1940.1439393939393,-38518.901515151505,-17691.80303030303,20085.272727272728,-4004.3560606060605,-16818.015151515152,-19534.924242424247,-36924.07575757577,-1449.1363636363633,-12779.280303030304,-13601.954545454551,-321.1363636363636,-37.463277189820126,137.80257575757588,-40.068204874978726,-481.13214091625434,-6816.194751969698,-2722.1546121212127,47.14836,-43.60603962121212,75.79806712121214
19,695104.0909090909,-136869.13636363635,-84665.88636363637,32219.477272727272,-17953.999999999996,21809.522727272728,-22476.795454545456,-18150.886363636364,37015.45454545455,-19175.704545454548,19063.386363636364,-16584.409090909092,-9594.568181818182,10988.659090909092,-12796.113636363636,-12116.659090909092,51588.88636363637,-21131.386363636364,44232.75,4448.295454545455,7014.181818181818,-15889.204545454544,-27226.886363636364,7126.909090909091,-14758.84090909091,-13440.909090909092,-16997.636363636364,-6961.386363636364,-14657.52272727273,5610.795454545455,34102.75,46608.568181818184,-18320.477272727272,-8497.954545454548,14275.204545454542,-9084.568181818182,-17971.522727272728,-6577.681818181818,-4559.681818181818,-5786.272727272727,-2925.0454545454545,-6941.977272727273,-20639.568181818184,-4804.204545454546,-9706.681818181818,-3893.1136363636365,-2690.931818181818,-5027.340909090909,41661.47727272727,5080.045454545455,-10896.454545454546,-3449.977272727273,4599.409090909091,5144.045454545455,10139.045454545454,-5742.318181818182,2997.159090909091,-24410.045454545456,84.22727272727273,25.21301694199428,-63.95409090909091,47.915855687547946,629.1757162500493,5968.454415,2950.6919272727278,-43.300129090909095,-1.9137779545454547,-98.51186227272727
20,343930.5454545455,-241746.19696969702,-134885.52272727276,153415.68939393942,-100888.57575757577,114747.73484848485,-33361.52272727273,-29214.94696969697,53277.24242424243,-32917.25,113288.41666666669,-26218.621212121212,-19734.568181818184,66057.47727272728,-22041.29545454546,-20274.356060606064,26382.795454545456,-37458.507575757576,4448.295454545455,74716.81060606061,43238.66666666667,-24451.99242424242,-37030.159090909096,47059.27272727273,-24595.7803030303,-21781.54545454546,-26452.242424242428,-11515.083333333334,-24710.73484848485,36995.97727272727,14681.507575757574,17077.840909090915,-31108.23484848485,-9908.075757575758,7158.083333333333,-17535.568181818184,-27987.371212121212,-10621.530303030302,-7512.772727272728,-8921.090909090908,-6103.5,-10257.674242424244,-31226.416666666664,-7688.659090909093,-15259.07575757576,-7422.083333333334,-2637.8106060606065,-7495.553030303032,29929.962121212116,28865.01515151515,-19117.909090909096,-7014.219696969698,20149.803030303032,33400.53030303031,56982.83333333334,-9645.40909090909,17778.40151515152,-37128.409090909096,250.22727272727275,36.045763605138305,-103.68015151515156,10.886937819439552,158.86687294053837,7794.405479848484,4182.914722424242,-68.26013090909092,74.11779901515152,-143.70727742424245
21,257311.7272727273,-166178.9393939394,-90994.18181818184,92142.42424242427,-61634.8787878788,72039.15151515152,-22854.090909090908,-19271.39393939394,34817.484848484855,-21509.909090909092,67233.8787878788,-16627.515151515152,-12940.272727272728,40550.72727272727,-13834.454545454546,-13727.666666666666,19473.545454545456,-26301.333333333332,7014.181818181818,43238.66666666667,26517.333333333336,-16727.303030303032,-24169.636363636364,29100.27272727273,-16367.151515151518,-14802.09090909091,-18080.848484848488,-7480.575757575759,-16552.515151515156,22906.454545454548,11818.78787878788,14505.636363636362,-19249.87878787879,-6954.787878787879,6134.757575757577,-12452.636363636364,-18335.78787878788,-7293.696969696969,-4413.454545454546,-6153.727272727273,-3470.090909090909,-6311.848484848486,-20866.333333333336,-5020.909090909091,-10375.606060606062,-4704.212121212122,-1479.7575757575758,-5121.060606060607,21233.242424242424,17285.393939393936,-12780.727272727274,-4248.484848484849,12186.969696969696,20241.787878787884,35405.12121212122,-6271.454545454546,10985.393939393942,-25199.090909090915,188.9090909090909,23.96516004220707,-68.70939393939396,10.74698399237585,150.83402430305907,5439.851395151516,2924.850328484849,-45.29955818181819,52.828715757575765,-95.59833393939394
22,-313475.09090909094,-14125.34848484848,152939.43181818182,-57583.41666666667,89046.21212121213,-44520.37121212121,27645.613636363632,29155.037878787876,-28994.24242424242,10418.25,-42259.05303030303,17935.984848484848,25847.93181818182,-24727.022727272728,13798.931818181822,27864.628787878784,-25769.340909090908,-11797.128787878783,-15889.204545454544,-24451.99242424242,-16727.303030303032,36231.53787878787,-7941.204545454546,-17469.636363636368,37171.87121212121,21985.454545454544,32615.333333333336,442.9015151515152,37201.82575757576,-14148.704545454546,-16075.780303030302,-20591.11363636364,14175.871212121214,19263.166666666664,-7625.53787878788,-5559.795454545456,26041.00757575757,14404.98484848485,973.2272727272724,9081.818181818182,-4135.136363636364,4699.674242424242,41261.68939393939,7289.295454545455,16672.5303030303,7260.083333333333,7481.174242424242,9028.189393939392,-23399.689393939392,-11100.742424242422,11058.090909090908,870.128787878788,-10274.439393939396,-12356.166666666668,-22559.560606060608,7344.681818181818,-7102.310606060608,41648.227272727265,-321.68181818181824,-15.267598287814417,33.027424242424246,-11.495977664456413,-161.18739440879855,-4232.631638030303,-2437.1016642424242,52.17923454545455,-22.253530833333333,149.50217015151514
23,-569397.9090909091,418510.3181818182,5004.659090909091,-90736.34090909091,-16447.0,-64747.93181818182,16710.295454545456,6037.204545454547,-46977.0,41151.659090909096,-64679.52272727273,15675.5,-22306.568181818184,-37092.704545454544,15240.431818181818,-16046.750000000004,-43347.931818181816,70514.88636363637,-27226.886363636364,-37030.159090909096,-24169.636363636364,-7941.204545454546,86166.56818181819,-25911.818181818184,-17275.75,6263.727272727273,4737.727272727271,19596.977272727272,-14319.795454545452,-20088.113636363636,-27687.886363636364,-36306.068181818184,28576.886363636364,-7551.045454545459,-11425.159090909092,35854.068181818184,7310.749999999999,-427.4999999999998,9908.136363636364,2841.5454545454545,11190.681818181818,8350.295454545454,-1528.0227272727266,836.25,594.9545454545448,1299.6136363636363,-9782.386363636362,-1472.0681818181813,-39914.795454545456,-16677.136363636364,15779.181818181818,9624.022727272728,-9593.59090909091,-18519.590909090908,-32223.136363636364,5305.318181818182,-9550.386363636364,1255.9545454545455,95.95454545454545,-37.159890508303945,121.77681818181819,-40.987276202840356,-551.9575804557281,-7007.891981363637,-3142.2044690909097,40.82242181818182,-32.06812613636364,30.089490454545466
24,268472.36363636365,-178367.54545454547,-96329.63636363637,100410.8181818182,-66248.63636363635,80338.81818181818,-24370.454545454548,-20476.454545454548,37467.181818181816,-23227.363636363636,72651.27272727272,-17802.999999999996,-13828.0,44750.818181818184,-14591.727272727274,-14690.36363636364,19492.0,-27949.54545454546,7126.909090909091,47059.27272727273,29100.27272727273,-17469.636363636368,-25911.818181818184,32297.636363636364,-17315.454545454544,-15682.363636363636,-18971.09090909091,-8131.999999999999,-17492.63636363636,25372.545454545456,12096.545454545454,14921.727272727274,-20985.81818181818,-7335.272727272729,6616.90909090909,-13375.181818181818,-19721.545454545456,-7619.909090909093,-4826.545454545455,-6502.0,-3968.818181818182,-6672.090909090908,-21877.454545454544,-5388.636363636364,-11062.909090909092,-4936.000000000001,-1349.4545454545453,-5462.545454545455,21998.272727272724,18667.454545454548,-13596.272727272728,-4775.09090909091,12889.454545454542,22212.545454545452,38949.090909090904,-6750.818181818182,12050.636363636364,-26982.272727272728,193.27272727272728,26.241986182473532,-74.89545454545456,11.294492394598999,157.9534812596761,6113.247763636364,3328.2117018181816,-48.30846363636364,64.36741363636365,-101.38364727272729
25,-285152.7272727273,-94533.19696969698,158369.25,-56249.53787878789,82172.51515151517,-44179.219696969696,34771.15909090909,30403.371212121212,-27187.66666666667,15096.34090909091,-41457.53787878788,17125.37878787879,43774.38636363637,-24409.931818181813,1345.5681818181815,43440.234848484855,-22520.068181818184,-25494.189393939403,-14758.84090909091,-24595.7803030303,-16367.151515151518,37171.87121212121,-17275.75,-17315.454545454544,48852.44696969697,23855.272727272728,28127.66666666667,-1334.765151515152,42580.219696969696,-13994.795454545454,-13956.356060606062,-17877.113636363636,9576.901515151514,26038.287878787887,-7161.780303030304,-13083.613636363634,34950.12878787878,11774.196969696968,-477.04545454545433,8932.363636363636,-6625.409090909091,5634.280303030303,40258.44696969697,9875.022727272728,20260.469696969703,6506.871212121215,14283.416666666662,11960.85606060606,-20122.719696969696,-10868.984848484852,10529.454545454548,501.3712121212121,-10256.469696969696,-12207.742424242426,-22040.348484848488,7914.681818181818,-6710.553030303033,50425.95454545454,-474.8636363636365,-11.922102425547076,18.136212121212118,-5.3621967877698555,-90.23644959850452,-4047.3354356060613,-2411.1969975757575,54.05249818181819,-23.935694166666664,187.8403216666667
26,-270741.0,44212.0,99215.54545454546,-51284.909090909096,51795.818181818184,-39678.909090909096,22889.18181818182,19239.818181818184,-25354.636363636364,14634.818181818182,-37579.36363636364,12838.272727272724,18577.818181818184,-22142.272727272728,7315.636363636364,20320.727272727272,-21735.0,4883.454545454546,-13440.909090909092,-21781.54545454546,-14802.09090909091,21985.454545454544,6263.727272727273,-15682.363636363636,23855.272727272728,15904.0,20309.363636363636,2995.5454545454545,22969.636363636368,-12534.454545454546,-13667.545454545454,-17582.272727272728,11608.27272727273,12323.09090909091,-6514.363636363637,1645.4545454545455,19474.18181818182,8445.636363636364,1819.4545454545455,6448.272727272727,-1682.0,4515.272727272728,24311.909090909092,5496.818181818182,12360.909090909088,4547.09090909091,4827.999999999999,6335.545454545455,-19991.181818181816,-9868.909090909092,9814.363636363636,1748.4545454545455,-8419.454545454548,-11027.09090909091,-20034.636363636368,5600.727272727273,-6182.454545454546,29646.545454545456,-233.8181818181818,-14.79028914175688,37.28727272727272,-11.460914308751459,-161.6664071582773,-3765.291472727273,-2035.2824799999999,39.142650909090904,-21.84764454545455,104.31821272727274
27,-342639.0,-5422.030303030324,148017.54545454547,-62879.84848484848,87011.84848484848,-48073.666666666664,25036.727272727272,27761.787878787876,-31591.69696969698,17052.909090909092,-45949.757575757576,15352.939393939396,14794.272727272728,-26873.454545454548,14278.27272727273,19543.333333333336,-28109.818181818184,-10721.151515151516,-16997.636363636364,-26452.242424242428,-18080.848484848488,32615.333333333336,4737.727272727271,-18971.09090909091,28127.66666666667,20309.363636363636,37426.969696969696,1722.6060606060612,32182.121212121216,-15223.727272727274,-17652.121212121212,-22663.36363636364,17509.666666666668,13935.12121212121,-8298.242424242424,-4934.363636363637,17949.121212121212,14768.848484848484,2013.4545454545455,8472.363636363636,-3532.909090909091,5216.424242424242,37313.121212121216,6015.454545454546,14489.757575757578,7776.69696969697,4613.69696969697,6520.939393939394,-26057.393939393944,-12047.242424242424,10794.272727272726,3928.060606060606,-8785.39393939394,-13406.303030303032,-24403.151515151516,8123.272727272726,-7578.242424242424,37884.090909090904,-69.36363636363639,-18.432283221071007,43.19151515151516,-16.172333177215332,-223.07039656450277,-4595.730843030303,-2618.258406060606,49.977199999999996,-23.78716424242424,109.81970787878787
28,-151158.45454545456,110369.37878787877,10205.431818181818,-27394.7803030303,2235.939393939392,-20455.007575757576,5842.522727272728,3385.5833333333326,-13336.333333333336,9819.34090909091,-19403.689393939392,5992.348484848486,-2434.977272727273,-11504.93181818182,6421.295454545453,-1499.1893939393944,-11290.43181818182,19682.14393939394,-6961.386363636364,-11515.083333333334,-7480.575757575759,442.9015151515152,19596.977272727272,-8131.999999999999,-1334.765151515152,2995.5454545454545,1722.6060606060612,5136.44696969697,-997.44696969697,-6354.977272727273,-7236.507575757577,-9464.65909090909,8087.871212121213,-935.0151515151516,-3044.5378787878794,9298.295454545456,3597.9166666666665,662.5303030303032,2581.590909090909,1236.1818181818182,2777.5,2126.94696969697,2778.4166666666674,659.75,1246.2575757575764,612.9924242424242,-1921.916666666666,329.28030303030295,-10635.325757575758,-4990.469696969698,4832.636363636365,1862.4924242424245,-3572.7121212121215,-5715.075757575757,-9972.378787878788,1556.2272727272725,-3017.4015151515155,2436.227272727273,-44.590909090909086,-10.506611508486618,33.276515151515156,-10.35767720554842,-138.5084851504949,-2087.1669053030305,-979.3123369696972,13.690307272727273,-12.80898628787879,20.119719242424242
29,-292359.45454545453,-70784.56060606061,161009.56818181818,-57148.03787878789,89855.33333333336,-44542.719696969696,31258.659090909096,29691.50757575757,-27714.939393939392,14064.931818181818,-41865.76515151515,16813.560606060608,37226.068181818184,-24689.977272727272,7573.613636363637,37640.1893939394,-23390.02272727273,-23069.507575757576,-14657.52272727273,-24710.73484848485,-16552.515151515156,37201.82575757576,-14319.795454545452,-17492.63636363636,42580.219696969696,22969.636363636368,32182.121212121216,-997.44696969697,41004.446969696975,-14128.659090909092,-14485.12878787879,-18579.249999999996,12112.492424242426,19738.83333333334,-7145.553030303031,-10523.113636363634,25811.356060606064,13639.287878787884,233.31818181818213,8889.272727272728,-5723.590909090909,4902.234848484849,40169.2196969697,8505.613636363636,19067.28787878788,6941.462121212121,11530.825757575758,9988.810606060606,-21308.492424242428,-10954.803030303032,10495.909090909092,1048.1439393939397,-10023.469696969696,-12332.287878787882,-22341.25757575758,7897.590909090909,-6951.325757575759,46500.409090909096,-335.49999999999994,-14.237449168085618,25.24621212121212,-9.2244310400211,-134.6144572638592,-4128.451263787879,-2445.071906666667,50.146040000000006,-23.62880825757576,146.6194153030303
30,211103.0,-139883.4090909091,-77482.93181818182,78943.06818181819,-52940.454545454544,63088.295454545456,-19405.477272727272,-16408.477272727272,29508.454545454548,-18334.659090909092,57210.61363636364,-14157.681818181818,-11289.068181818182,35172.25,-11748.159090909092,-11880.06818181818,15483.022727272728,-21935.795454545452,5610.795454545455,36995.97727272727,22906.454545454548,-14148.704545454546,-20088.113636363636,25372.545454545456,-13994.795454545454,-12534.454545454546,-15223.727272727274,-6354.977272727273,-14128.659090909092,19951.113636363636,9584.977272727274,11802.34090909091,-16444.25,-5828.863636363637,5228.795454545455,-10439.068181818182,-15482.568181818182,-6150.954545454546,-3710.8636363636365,-5177.636363636364,-2989.409090909091,-5228.113636363637,-17735.977272727272,-4272.25,-8808.045454545454,-3941.7954545454545,-1205.9772727272725,-4357.568181818182,17417.43181818182,14710.681818181818,-10793.181818181818,-3674.0227272727275,10235.318181818182,17466.863636363636,30662.227272727272,-5347.5,9490.204545454546,-21475.954545454548,161.6818181818182,20.639575295548248,-58.8477272727273,8.862119580979536,124.11918611651663,4789.170721363636,2604.897781818182,-38.45429636363637,50.16967431818182,-80.93064318181818
31,580954.7272727273,-158635.53030303033,-85838.52272727275,47524.446969696975,-29787.24242424242,32422.128787878784,-22036.886363636364,-18243.825757575756,36374.03030303031,-19315.522727272728,32262.265151515156,-16599.287878787884,-9123.75,17934.477272727276,-14408.295454545454,-11119.053030303032,44372.34090909091,-25402.901515151516,34102.75,14681.507575757574,11818.78787878788,-16075.780303030302,-27687.886363636364,12096.545454545454,-13956.356060606062,-13667.545454545454,-17652.121212121212,-7236.507575757577,-14485.12878787879,9584.977272727274,28601.719696969692,38412.84090909092,-18430.265151515156,-7145.833333333334,11940.962121212122,-11392.386363636362,-16845.03787878788,-7034.378787878787,-4540.954545454546,-5941.090909090909,-3218.409090909091,-6814.553030303031,-20718.628787878784,-4570.931818181818,-9515.01515151515,-4205.325757575758,-1991.2348484848485,-4751.583333333333,37044.17424242425,8440.89393939394,-11655.727272727274,-3406.734848484849,7003.560606060605,8861.378787878788,16239.257575757578,-5723.772727272727,5001.643939393941,-23412.954545454548,114.22727272727273,24.62442126967206,-65.78257575757576,38.27776638852585,505.2758253040271,5488.732137424243,2700.294426666667,-43.581210909090906,4.195204166666667,-93.48564166666665
32,781891.0909090909,-205465.22727272732,-110865.06818181819,59046.56818181817,-36175.18181818182,40608.97727272728,-28608.522727272728,-23587.068181818184,47641.090909090904,-25199.25,39341.022727272735,-21652.045454545452,-11844.659090909092,22147.840909090908,-18702.113636363636,-14456.113636363641,59216.25,-32704.750000000007,46608.568181818184,17077.840909090915,14505.636363636362,-20591.11363636364,-36306.068181818184,14921.727272727274,-17877.113636363636,-17582.272727272728,-22663.36363636364,-9464.65909090909,-18579.249999999996,11802.34090909091,38412.84090909092,51799.11363636364,-24173.204545454548,-9103.863636363638,16086.204545454548,-14695.659090909092,-21662.977272727272,-8997.409090909094,-5985.590909090909,-7637.545454545455,-4329.681818181818,-8876.340909090908,-26661.659090909103,-5931.568181818182,-12305.863636363634,-5359.204545454546,-2606.022727272727,-6132.340909090911,49225.02272727272,10306.045454545454,-15016.454545454546,-4503.613636363637,8567.318181818184,10857.045454545458,20057.22727272728,-7437.136363636364,6151.977272727273,-30333.772727272728,136.4090909090909,32.546052307452044,-86.23318181818182,52.28555622965064,688.8443845358986,7328.283896818181,3615.849974545455,-56.4059490909091,5.696947499999999,-120.3112368181818
33,-402649.1818181818,149209.25757575757,77296.06818181819,-72516.62878787878,47311.9696969697,-53074.310606060615,16330.704545454546,17548.916666666664,-34558.21212121212,18623.977272727272,-50749.992424242424,17982.106060606064,1744.659090909091,-29802.568181818177,19312.295454545456,4177.598484848484,-29266.340909090904,16929.53787878788,-18320.477272727272,-31108.23484848485,-19249.87878787879,14175.871212121214,28576.886363636364,-20985.81818181818,9576.901515151514,11608.27272727273,17509.666666666668,8087.871212121213,12112.492424242426,-16444.25,-18430.265151515156,-24173.204545454548,22897.901515151516,3890.469696969697,-7682.325757575759,9463.295454545456,13158.128787878788,7217.287878787878,5640.227272727272,4856.454545454546,4553.863636363637,5742.64393939394,21607.08333333334,3451.2954545454545,6818.196969696969,4445.962121212122,-926.4924242424242,2996.7651515151515,-27249.719696969692,-12850.803030303028,10608.636363636364,4926.371212121212,-8805.651515151514,-14899.924242424244,-25369.166666666664,5768.772727272727,-7833.189393939395,17971.227272727272,-26.954545454545457,-24.905815237794027,68.83621212121214,-24.784265519977488,-327.54483523777793,-5415.117782878789,-2834.773208484849,41.20235636363637,-29.863485984848488,76.51661075757575
34,-135293.45454545456,-47069.7878787879,57033.136363636375,-22920.833333333332,32292.333333333336,-19092.742424242428,14102.59090909091,14139.166666666668,-12437.575757575758,-4290.954545454546,-17346.10606060606,6718.515151515152,1983.7727272727277,-10213.68181818182,-5580.772727272728,9210.439393939396,-10813.59090909091,-11028.07575757576,-8497.954545454548,-9908.075757575758,-6954.787878787879,19263.166666666664,-7551.045454545459,-7335.272727272729,26038.287878787887,12323.09090909091,13935.12121212121,-935.0151515151516,19738.83333333334,-5828.863636363637,-7145.833333333334,-9103.863636363638,3890.469696969697,29966.69696969697,-3930.257575757576,-6902.318181818183,40714.56060606059,5983.69696969697,461.81818181818164,6170.090909090908,-3209.272727272728,3624.166666666667,21260.196969696968,5357.954545454546,9238.69696969697,4073.7121212121215,1512.530303030303,8206.01515151515,-8991.287878787878,-4667.848484848486,4310.090909090909,35.80303030303027,-4351.787878787879,-5077.606060606061,-9255.575757575758,3188.3636363636365,-2735.8939393939395,27760.27272727273,-236.63636363636365,1.252046318210294,-2.6860606060606105,6.086179646384726,63.469450785312304,-1731.8311796969697,-1102.9791903030305,32.96978363636364,-9.791401666666669,172.08412030303035
35,240091.2727272727,-72127.74242424243,-40642.70454545455,22523.507575757576,-15009.484848484848,17814.2803030303,-10696.25,-8426.583333333332,16137.242424242426,-8884.34090909091,15121.96212121212,-7053.348484848485,-5137.840909090909,9407.568181818184,-5100.659090909091,-6061.35606060606,18023.431818181816,-10636.96212121212,14275.204545454542,7158.083333333333,6134.757575757577,-7625.53787878788,-11425.159090909092,6616.90909090909,-7161.780303030304,-6514.363636363637,-8298.242424242424,-3044.5378787878794,-7145.553030303031,5228.795454545455,11940.962121212122,16086.204545454548,-7682.325757575759,-3930.257575757576,5444.44696969697,-5314.931818181818,-8497.007575757576,-3230.1666666666665,-1723.772727272727,-2849.272727272727,-1256.8636363636363,-2925.85606060606,-9331.416666666666,-2253.2954545454545,-4693.71212121212,-1857.9015151515152,-1002.5378787878786,-2457.8257575757584,15501.87121212121,4012.469696969697,-5354.636363636364,-1564.1287878787878,3114.9848484848476,4519.984848484849,8593.015151515154,-2661.954545454545,2612.128787878788,-11696.318181818182,67.68181818181817,10.990228869597813,-29.417424242424236,15.567209169605468,206.40608354251742,2651.621298030303,1358.4977042424243,-20.028641818181818,10.10113628787879,-44.67974106060607
36,-214855.27272727274,397316.77272727276,-15022.568181818182,-42725.022727272735,-3379.363636363635,-33178.159090909096,5456.431818181818,-2307.295454545453,-21058.545454545456,2629.7954545454545,-31386.84090909091,7494.772727272728,-10237.704545454546,-18798.386363636364,11044.568181818182,-10790.159090909094,-17927.25,63649.6590909091,-9084.568181818182,-17535.568181818184,-12452.636363636364,-5559.795454545456,35854.068181818184,-13375.181818181818,-13083.613636363634,1645.4545454545455,-4934.363636363637,9298.295454545456,-10523.113636363634,-10439.068181818182,-11392.386363636362,-14695.659090909092,9463.295454545456,-6902.318181818183,-5314.931818181818,39102.931818181816,5504.431818181817,-173.77272727272774,4691.954545454546,2884.6363636363635,11106.954545454546,3046.340909090909,-7328.249999999997,-375.15909090909093,576.954545454546,-841.1590909090908,-8851.431818181816,204.8863636363632,-17203.204545454548,-8332.136363636364,9675.09090909091,62.704545454545496,-7603.409090909091,-9256.136363636366,-17422.68181818182,-326.95454545454544,-5825.795454545455,-4448.5,-137.95454545454547,-17.538907741579347,66.97227272727274,-16.77652783275802,-214.01565839049823,-3190.6033949999996,-1308.3105381818184,11.406945454545454,-22.172151136363635,-7.062595909090915
37,-342102.00000000006,100592.53030303032,84001.93181818184,-64153.58333333334,49282.696969696975,-50224.26515151516,25758.47727272728,21602.598484848484,-31698.75757575758,-84.70454545454682,-47159.583333333336,15963.10606060606,3627.250000000001,-27685.522727272724,-3893.477272727276,12889.189393939392,-26216.022727272724,4101.401515151516,-17971.522727272728,-27987.371212121212,-18335.78787878788,26041.00757575757,7310.749999999999,-19721.545454545456,34950.12878787878,19474.18181818182,17949.121212121212,3597.9166666666665,25811.356060606064,-15482.568181818182,-16845.03787878788,-21662.977272727272,13158.128787878788,40714.56060606059,-8497.007575757576,5504.431818181817,63484.62878787882,8197.37878787879,3529.227272727272,10124.909090909096,995.8636363636359,7644.143939393939,29395.310606060597,8598.886363636364,14696.742424242424,5632.371212121211,316.64393939393955,12614.265151515148,-23075.856060606056,-12361.348484848484,11207.0,1331.8712121212125,-10585.01515151515,-13806.10606060606,-24476.166666666664,5477.136363636364,-7488.507575757577,41234.22727272727,-403.7727272727273,-9.272147903915874,32.06621212121211,-1.211232343591901,-39.11694516614706,-4648.567529242425,-2590.880786666667,57.01296363636364,-27.94062643939394,256.3817825757576
38,-134834.27272727274,15867.303030303032,60962.13636363637,-25161.560606060604,38987.87878787879,-19349.106060606064,9292.59090909091,11547.439393939394,-12599.575757575762,3076.7727272727275,-18382.469696969696,7359.333333333334,5352.863636363637,-10782.499999999998,9005.772727272728,6927.80303030303,-11245.136363636362,-195.80303030303008,-6577.681818181818,-10621.530303030302,-7293.696969696969,14404.98484848485,-427.4999999999998,-7619.909090909093,11774.196969696968,8445.636363636364,14768.848484848484,662.5303030303032,13639.287878787884,-6150.954545454546,-7034.378787878787,-8997.409090909094,7217.287878787878,5983.69696969697,-3230.1666666666665,-173.77272727272774,8197.37878787879,6616.151515151514,888.9090909090908,3776.4545454545455,-909.1818181818182,1791.530303030303,16770.469696969696,2276.5,5851.969696969697,3252.1666666666665,1080.621212121212,2852.833333333333,-10422.01515151515,-4821.757575757577,4656.727272727272,602.1666666666666,-4224.878787878788,-5380.242424242425,-9848.39393939394,2892.6363636363635,-3167.5303030303025,14731.181818181816,-74.72727272727273,-7.3246430698211356,18.05303030303031,-6.244055508025574,-83.28577965478823,-1835.566725151515,-1040.3385066666667,20.778100000000002,-9.773224393939396,49.61584939393939
39,-102311.63636363637,55800.545454545456,6854.863636363637,-17441.136363636364,5124.545454545455,-12051.772727272728,2598.7727272727275,2148.863636363636,-8350.727272727272,3476.590909090909,-12209.954545454546,3549.5454545454545,-2882.409090909091,-6926.590909090909,4215.590909090909,-1715.772727272727,-7301.045454545455,10238.318181818184,-4559.681818181818,-7512.772727272728,-4413.454545454546,973.2272727272724,9908.136363636364,-4826.545454545455,-477.04545454545433,1819.4545454545455,2013.4545454545455,2581.590909090909,233.31818181818213,-3710.8636363636365,-4540.954545454546,-5985.590909090909,5640.227272727272,461.81818181818164,-1723.772727272727,4691.954545454546,3529.227272727272,888.9090909090908,1984.6363636363637,1001.1818181818182,2010.0909090909092,1554.5909090909092,1869.9545454545453,497.5909090909091,1031.7272727272725,722.7727272727273,-1580.8636363636365,344.31818181818187,-6663.409090909093,-3063.090909090909,2489.818181818182,1211.6818181818182,-2114.363636363637,-3492.818181818182,-5770.09090909091,959.7272727272727,-1817.3181818181818,2251.4545454545455,24.727272727272727,-5.9556066030156245,18.36000000000001,-6.284438224349532,-82.01323692916945,-1262.8867045454547,-619.3766727272729,7.596158181818182,-5.290530454545454,12.68781181818182
40,-115406.0,38862.545454545456,37853.181818181816,-21207.363636363636,22139.545454545456,-16446.272727272728,8542.454545454546,7433.454545454546,-10725.272727272728,3105.909090909091,-15620.272727272724,5115.818181818182,4549.272727272727,-9177.454545454546,3355.0,5961.090909090909,-9419.363636363636,5251.545454545455,-5786.272727272727,-8921.090909090908,-6153.727272727273,9081.818181818182,2841.5454545454545,-6502.0,8932.363636363636,6448.272727272727,8472.363636363636,1236.1818181818182,8889.272727272728,-5177.636363636364,-5941.090909090909,-7637.545454545455,4856.454545454546,6170.090909090908,-2849.272727272727,2884.6363636363635,10124.909090909096,3776.4545454545455,1001.1818181818182,3047.6363636363635,44.45454545454545,1955.0909090909088,9597.181818181818,2148.181818181818,4959.090909090909,1977.181818181818,672.5454545454546,2769.6363636363635,-8598.181818181818,-4123.818181818183,4163.636363636364,464.5454545454546,-3635.2727272727275,-4565.272727272727,-8383.727272727272,2036.7272727272727,-2659.1818181818185,11906.181818181818,-87.27272727272728,-5.7394921865312565,16.110000000000003,-4.429304427795945,-61.51024439084158,-1567.0191345454548,-841.5570036363638,15.991156363636364,-8.685777272727274,46.05769636363637
41,-78130.18181818182,119055.36363636366,-13307.863636363636,-14132.59090909091,-1650.9090909090903,-9919.409090909092,-1616.1363636363637,-1622.5,-6373.454545454546,-1222.9545454545455,-9528.318181818182,2905.818181818182,-6074.5,-5639.409090909091,4691.318181818182,-6763.5,-5164.590909090909,15698.954545454546,-2925.0454545454545,-6103.5,-3470.090909090909,-4135.136363636364,11190.681818181818,-3968.818181818182,-6625.409090909091,-1682.0,-3532.909090909091,2777.5,-5723.590909090909,-2989.409090909091,-3218.409090909091,-4329.681818181818,4553.863636363637,-3209.272727272728,-1256.8636363636363,11106.954545454546,995.8636363636359,-909.1818181818182,2010.0909090909092,44.45454545454545,5027.363636363637,1159.7727272727273,-3513.409090909091,-549.4090909090909,-1701.3636363636365,-406.5,-3277.0454545454554,-584.8636363636363,-4878.681818181818,-2340.5454545454545,1714.3636363636365,571.3181818181819,-1510.4545454545455,-2812.5454545454545,-4622.818181818182,-390.0909090909091,-1584.8636363636365,-4681.727272727273,28.272727272727273,-5.7889151403552805,20.572727272727278,-6.620632547842857,-81.09212262552124,-1071.5762718181818,-488.0614836363637,1.3869545454545449,-6.449395,-7.674386363636361
42,-145636.18181818182,42480.378787878784,27178.750000000007,-24027.371212121212,13799.393939393944,-16625.507575757576,7662.931818181818,6108.628787878789,-12045.87878787879,6792.568181818182,-17403.916666666664,4822.712121212122,4285.886363636364,-9633.704545454546,3230.6136363636365,4674.128787878789,-11136.84090909091,11187.64393939394,-6941.977272727273,-10257.674242424244,-6311.848484848486,4699.674242424242,8350.295454545454,-6672.090909090908,5634.280303030303,4515.272727272728,5216.424242424242,2126.94696969697,4902.234848484849,-5228.113636363637,-6814.553030303031,-8876.340909090908,5742.64393939394,3624.166666666667,-2925.85606060606,3046.340909090909,7644.143939393939,1791.530303030303,1554.5909090909092,1955.0909090909088,1159.7727272727273,2883.5378787878794,5498.916666666667,1856.3409090909092,3380.1666666666674,1625.6742424242423,1176.128787878788,1915.234848484848,-9871.189393939392,-4461.10606060606,3786.909090909092,1398.537878787879,-3110.257575757576,-4884.166666666666,-8421.833333333334,1997.4090909090905,-2624.537878787879,8750.227272727272,-33.68181818181819,-7.440234110895439,20.211969696969703,-7.624224789442382,-102.4996790953306,-1710.9993843939394,-872.2369006060607,14.990894545454546,-5.578814015151515,37.7102546969697
43,-412853.09090909094,2761.984848484854,177319.88636363635,-73476.99242424243,104337.96969696968,-56053.76515151515,29339.886363636364,36447.82575757575,-36897.30303030303,14248.977272727274,-52883.53787878789,25822.742424242428,22849.38636363636,-31013.47727272727,25336.204545454548,24970.598484848477,-32961.340909090904,-12736.91666666667,-20639.568181818184,-31226.416666666664,-20866.333333333336,41261.68939393939,-1528.0227272727266,-21877.454545454544,40258.44696969697,24311.909090909092,37313.121212121216,2778.4166666666674,40169.2196969697,-17735.977272727272,-20718.628787878784,-26661.659090909103,21607.08333333334,21260.196969696968,-9331.416666666666,-7328.249999999997,29395.310606060597,16770.469696969696,1869.9545454545453,9597.181818181818,-3513.409090909091,5498.916666666667,53869.53787878788,7542.568181818182,15805.651515151514,8838.871212121214,7148.053030303029,9352.310606060606,-30016.356060606056,-13717.893939393938,13136.272727272728,1877.5530303030305,-12043.560606060608,-15517.196969696972,-27690.98484848485,8789.59090909091,-8578.64393939394,43034.409090909096,-406.22727272727275,-21.3905822490937,49.21439393939395,-18.27936624796425,-250.0985606052438,-5526.075355606061,-3141.372190303031,68.39720363636364,-29.635635984848484,193.20116348484845
44,-96132.63636363637,5732.954545454546,33719.795454545456,-17860.840909090908,16375.727272727274,-13648.886363636364,8946.25,6532.795454545455,-8710.363636363638,5672.886363636364,-13008.113636363636,4240.136363636364,9372.022727272728,-7621.659090909091,-599.0681818181819,9531.295454545454,-7322.522727272727,-3099.977272727273,-4804.204545454546,-7688.659090909093,-5020.909090909091,7289.295454545455,836.25,-5388.636363636364,9875.022727272728,5496.818181818182,6015.454545454546,659.75,8505.613636363636,-4272.25,-4570.931818181818,-5931.568181818182,3451.2954545454545,5357.954545454546,-2253.2954545454545,-375.15909090909093,8598.886363636364,2276.5,497.5909090909091,2148.181818181818,-549.4090909090909,1856.3409090909092,7542.568181818182,2401.2954545454545,4817.045454545455,1338.2954545454545,2842.5681818181815,2715.431818181818,-6589.386363636364,-3385.7727272727275,3144.818181818182,765.3409090909091,-2743.409090909091,-3806.136363636364,-6772.045454545455,2037.2272727272727,-2053.068181818182,11683.136363636364,-87.68181818181819,-4.662535136967433,10.517727272727269,-3.3532510455460094,-49.48749950835934,-1311.2276640909092,-726.2078981818181,13.11738909090909,-7.292404772727274,40.24958954545455
45,-192559.09090909088,17391.9393939394,75527.86363636363,-36001.19696969697,37602.78787878788,-27979.287878787876,19107.590909090908,13482.257575757574,-17855.757575757576,11384.136363636364,-26462.742424242417,8218.69696969697,20294.863636363636,-15615.409090909092,367.5000000000002,20843.712121212116,-15222.681818181818,-2571.4393939393917,-9706.681818181818,-15259.07575757576,-10375.606060606062,16672.5303030303,594.9545454545448,-11062.909090909092,20260.469696969703,12360.909090909088,14489.757575757578,1246.2575757575764,19067.28787878788,-8808.045454545454,-9515.01515151515,-12305.863636363634,6818.196969696969,9238.69696969697,-4693.71212121212,576.954545454546,14696.742424242424,5851.969696969697,1031.7272727272725,4959.090909090909,-1701.3636363636365,3380.1666666666674,15805.651515151514,4817.045454545455,11070.333333333332,2935.9848484848476,5464.348484848485,5404.378787878789,-13850.469696969696,-6964.212121212122,7085.454545454546,1113.6212121212122,-6173.606060606061,-7766.878787878789,-14165.12121212121,4240.090909090908,-4382.348484848484,25018.0,-172.72727272727275,-10.042680924719619,23.06484848484848,-7.382547149412576,-106.62768420183555,-2665.6256687878786,-1459.5543030303027,25.64825454545454,-15.03045803030303,68.77380575757576
46,-85052.72727272728,2145.106060606061,32612.97727272728,-16907.962121212124,20894.21212121212,-12362.916666666668,5218.159090909091,6778.765151515151,-7985.60606060606,2675.340909090909,-12356.14393939394,4092.166666666667,2351.2954545454545,-7035.295454545455,5505.659090909091,3286.992424242424,-6870.25,4774.234848484849,-3893.1136363636365,-7422.083333333334,-4704.212121212122,7260.083333333333,1299.6136363636363,-4936.000000000001,6506.871212121215,4547.09090909091,7776.69696969697,612.9924242424242,6941.462121212121,-3941.7954545454545,-4205.325757575758,-5359.204545454546,4445.962121212122,4073.7121212121215,-1857.9015151515152,-841.1590909090908,5632.371212121211,3252.1666666666665,722.7727272727273,1977.181818181818,-406.5,1625.6742424242423,8838.871212121214,1338.2954545454545,2935.9848484848476,2064.44696969697,722.4469696969696,1596.3712121212125,-6345.780303030303,-3192.1060606060605,2596.3636363636365,641.6742424242425,-2416.4393939393944,-3551.4393939393935,-6265.378787878787,1723.9545454545455,-1993.7651515151517,8191.772727272728,-29.772727272727273,-4.468149017052641,11.075606060606074,-3.709509074188614,-49.3335475500779,-1131.9092325757574,-634.6217987878788,13.283620000000003,-5.436650833333333,35.25435560606061
47,-48301.36363636364,-84299.5303030303,43574.250000000015,-6033.325757575759,15170.48484848485,-3365.9166666666656,10638.704545454546,7034.94696969697,-3330.8787878787875,10012.613636363636,-4681.05303030303,2617.6212121212125,24552.93181818182,-2139.5681818181815,-4459.977272727272,20535.17424242424,-3776.886363636363,-18461.03787878788,-2690.931818181818,-2637.8106060606065,-1479.7575757575758,7481.174242424242,-9782.386363636362,-1349.4545454545453,14283.416666666662,4827.999999999999,4613.69696969697,-1921.916666666666,11530.825757575758,-1205.9772727272725,-1991.2348484848485,-2606.022727272727,-926.4924242424242,1512.530303030303,-1002.5378787878786,-8851.431818181816,316.64393939393955,1080.621212121212,-1580.8636363636365,672.5454545454546,-3277.0454545454554,1176.128787878788,7148.053030303029,2842.5681818181815,5464.348484848485,722.4469696969696,8986.992424242422,2562.2803030303025,-2838.0530303030296,-1195.469696969697,1244.7272727272725,239.58333333333348,-1168.3484848484848,-1167.0757575757573,-1988.8333333333328,2163.5909090909086,-487.58333333333337,12658.5,-125.95454545454545,-2.105307233259965,-4.4307575757575846,-2.1668449116688158,-35.0499926876808,-403.42694530303015,-277.77954060606055,7.797745454545456,2.337021893939394,19.659399242424247
48,-95560.63636363637,11805.348484848484,36770.931818181816,-17572.492424242428,19358.969696969696,-13941.7196969697,9447.568181818182,7369.598484848485,-8840.39393939394,2860.204545454546,-12938.492424242424,4735.19696969697,9074.795454545454,-7678.522727272726,-472.2954545454545,9619.825757575758,-7517.749999999999,-1940.1439393939393,-5027.340909090909,-7495.553030303032,-5121.060606060607,9028.189393939392,-1472.0681818181813,-5462.545454545455,11960.85606060606,6335.545454545455,6520.939393939394,329.28030303030295,9988.810606060606,-4357.568181818182,-4751.583333333333,-6132.340909090911,2996.7651515151515,8206.01515151515,-2457.8257575757584,204.8863636363632,12614.265151515148,2852.833333333333,344.31818181818187,2769.6363636363635,-584.8636363636363,1915.234848484848,9352.310606060606,2715.431818181818,5404.378787878789,1596.3712121212125,2562.2803030303025,3522.810606060605,-6680.946969696969,-3414.712121212121,3437.818181818182,148.32575757575768,-3164.287878787878,-3815.651515151515,-6969.98484848485,1939.9545454545455,-2155.8712121212125,13367.681818181816,-133.95454545454547,-3.7946999507448353,8.955303030303025,-2.0097827772905754,-31.94742590134235,-1324.6645056060606,-746.3424521212121,15.261705454545455,-7.9238137121212135,56.464824393939395
49,756862.6363636364,-235967.43939393936,-126767.24999999999,82278.35606060606,-53296.878787878784,56912.219696969696,-31886.704545454548,-26763.553030303035,52575.30303030302,-28976.886363636364,57686.7196969697,-24226.74242424242,-14307.386363636362,32150.749999999996,-21973.56818181818,-16521.507575757572,58340.61363636364,-38518.901515151505,41661.47727272727,29929.962121212116,21233.242424242424,-23399.689393939392,-39914.795454545456,21998.272727272724,-20122.719696969696,-19991.181818181816,-26057.393939393944,-10635.325757575758,-21308.492424242428,17417.43181818182,37044.17424242425,49225.02272727272,-27249.719696969692,-8991.287878787878,15501.87121212121,-17203.204545454548,-23075.856060606056,-10422.01515151515,-6663.409090909093,-8598.181818181818,-4878.681818181818,-9871.189393939392,-30016.356060606056,-6589.386363636364,-13850.469696969696,-6345.780303030303,-2838.0530303030296,-6680.946969696969,49942.810606060615,14975.34848484848,-17328.363636363632,-5170.734848484848,11898.742424242426,16068.196969696972,28765.893939393944,-8456.136363636364,8934.91666666667,-33693.04545454545,173.95454545454547,35.8063174733207,-97.07530303030302,48.440269404712446,641.400125839528,7766.737708333334,3846.4732557575758,-63.3083309090909,14.041734166666668,-129.99920712121212
50,182849.63636363638,-110981.60606060606,-60192.04545454545,61210.166666666664,-40382.30303030303,45801.89393939395,-15285.59090909091,-12769.742424242426,23431.787878787884,-14416.954545454546,45159.34848484849,-11107.575757575758,-8606.136363636362,26278.13636363637,-9095.59090909091,-9130.106060606062,14390.045454545454,-17691.80303030303,5080.045454545455,28865.01515151515,17285.393939393936,-11100.742424242422,-16677.136363636364,18667.454545454548,-10868.984848484852,-9868.909090909092,-12047.242424242424,-4990.469696969698,-10954.803030303032,14710.681818181818,8440.89393939394,10306.045454545454,-12850.803030303028,-4667.848484848486,4012.469696969697,-8332.136363636364,-12361.348484848484,-4821.757575757577,-3063.090909090909,-4123.818181818183,-2340.5454545454545,-4461.10606060606,-13717.893939393938,-3385.7727272727275,-6964.212121212122,-3192.1060606060605,-1195.469696969697,-3414.712121212121,14975.34848484848,11586.878787878788,-8569.0,-2810.2878787878785,8318.939393939396,13251.303030303032,22941.424242424244,-4179.272727272728,7150.833333333333,-16764.727272727272,120.18181818181819,15.704213044196118,-45.2187878787879,7.5483154026203,106.20557221587636,3417.035785757576,1798.8416387878788,-30.10948181818182,28.038180151515153,-63.706183333333335
51,-233067.0,119752.90909090909,57117.36363636364,-44970.00000000001,29255.818181818184,-34137.27272727273,15541.454545454546,11654.818181818182,-21848.818181818184,12956.818181818182,-32797.454545454544,10410.727272727274,9233.272727272728,-19238.909090909092,8597.454545454546,9704.818181818182,-18595.636363636364,20085.272727272728,-10896.454545454546,-19117.909090909096,-12780.727272727274,11058.090909090908,15779.181818181818,-13596.272727272728,10529.454545454548,9814.363636363636,10794.272727272726,4832.636363636365,10495.909090909092,-10793.181818181818,-11655.727272727274,-15016.454545454546,10608.636363636364,4310.090909090909,-5354.636363636364,9675.09090909091,11207.0,4656.727272727272,2489.818181818182,4163.636363636364,1714.3636363636365,3786.909090909092,13136.272727272728,3144.818181818182,7085.454545454546,2596.3636363636365,1244.7272727272725,3437.818181818182,-17328.363636363632,-8569.0,8518.545454545454,1678.909090909091,-7035.636363636364,-9590.454545454546,-17301.727272727272,3624.5454545454545,-5387.545454545455,15997.636363636364,-167.27272727272728,-14.876720124980151,42.75181818181818,-12.904758607070999,-175.10211934907713,-3260.842365454546,-1642.342392727273,28.115932727272728,-19.25565,60.25836727272728
52,-78595.0,13020.01515151515,11803.56818181818,-16044.007575757574,4598.484848484849,-12025.780303030304,3771.2045454545455,2676.2651515151515,-7136.151515151516,8485.204545454546,-11154.462121212122,2171.075757575758,-296.3863636363636,-6717.159090909091,-505.02272727272697,961.6742424242426,-5277.295454545455,-4004.3560606060605,-3449.977272727273,-7014.219696969698,-4248.484848484849,870.128787878788,9624.022727272728,-4775.09090909091,501.3712121212121,1748.4545454545455,3928.060606060606,1862.4924242424245,1048.1439393939397,-3674.0227272727275,-3406.734848484849,-4503.613636363637,4926.371212121212,35.80303030303027,-1564.1287878787878,62.704545454545496,1331.8712121212125,602.1666666666666,1211.6818181818182,464.5454545454546,571.3181818181819,1398.537878787879,1877.5530303030305,765.3409090909091,1113.6212121212122,641.6742424242425,239.58333333333348,148.32575757575768,-5170.734848484848,-2810.2878787878785,1678.909090909091,2490.2651515151515,-874.8030303030303,-3335.348484848485,-5574.378787878789,1639.7727272727273,-1569.0833333333333,3744.863636363637,70.5,-5.306566437173737,13.97106060606061,-4.89538547383511,-68.78233466782275,-1165.930218939394,-630.2292351515151,6.846038181818184,-8.053713106060606,5.288787424242425
53,144703.0,-93977.0303030303,-49175.77272727273,43133.10606060606,-31859.15151515152,31521.924242424244,-12375.5,-10125.257575757576,17334.484848484848,-8325.409090909092,32235.106060606056,-9230.51515151515,-8765.772727272728,18289.500000000004,-8438.227272727274,-8656.075757575758,12063.318181818182,-16818.015151515152,4599.409090909091,20149.803030303032,12186.969696969696,-10274.439393939396,-9593.59090909091,12889.454545454542,-10256.469696969696,-8419.454545454548,-8785.39393939394,-3572.7121212121215,-10023.469696969696,10235.318181818182,7003.560606060605,8567.318181818184,-8805.651515151514,-4351.787878787879,3114.9848484848476,-7603.409090909091,-10585.01515151515,-4224.878787878788,-2114.363636363637,-3635.2727272727275,-1510.4545454545455,-3110.257575757576,-12043.560606060608,-2743.409090909091,-6173.606060606061,-2416.4393939393944,-1168.3484848484848,-3164.287878787878,11898.742424242426,8318.939393939396,-7035.636363636364,-874.8030303030303,7045.424242424243,9279.78787878788,16200.939393939396,-2870.0909090909095,5144.621212121212,-13651.818181818186,166.45454545454547,11.229075460379505,-32.82939393939395,5.804107863861003,80.55134088024236,2389.2849251515154,1214.8396484848483,-23.439385454545455,16.039592575757577,-55.319169393939404
54,196486.9090909091,-124478.84848484851,-67942.68181818182,70850.92424242425,-46729.242424242424,54888.83333333335,-17101.68181818182,-14481.984848484846,26536.39393939394,-16388.227272727272,51684.28787878789,-12704.9696969697,-9797.681818181818,30999.954545454548,-10523.59090909091,-10311.98484848485,14743.772727272728,-19534.924242424247,5144.045454545455,33400.53030303031,20241.787878787884,-12356.166666666668,-18519.590909090908,22212.545454545452,-12207.742424242426,-11027.09090909091,-13406.303030303032,-5715.075757575757,-12332.287878787882,17466.863636363636,8861.378787878788,10857.045454545458,-14899.924242424244,-5077.606060606061,4519.984848484849,-9256.136363636366,-13806.10606060606,-5380.242424242425,-3492.818181818182,-4565.272727272727,-2812.5454545454545,-4884.166666666666,-15517.196969696972,-3806.136363636364,-7766.878787878789,-3551.4393939393935,-1167.0757575757573,-3815.651515151515,16068.196969696972,13251.303030303032,-9590.454545454546,-3335.348484848485,9279.78787878788,15505.9696969697,26954.575757575756,-4760.909090909091,8369.075757575758,-18867.09090909091,132.63636363636363,18.283772790490843,-52.22484848484851,8.17033709893724,114.43417040778063,4120.70087969697,2215.2263975757573,-34.05053272727273,39.39265348484849,-71.39875484848486
55,349724.63636363635,-228256.96969696973,-123070.2272727273,122286.71212121214,-82185.12121212122,96695.3484848485,-31118.59090909091,-25824.37878787879,46787.878787878784,-28837.95454545455,89032.6212121212,-22005.848484848488,-17936.500000000004,54163.318181818184,-18251.59090909091,-18927.742424242424,26405.045454545456,-36924.07575757577,10139.045454545454,56982.83333333334,35405.12121212122,-22559.560606060608,-32223.136363636364,38949.090909090904,-22040.348484848488,-20034.636363636368,-24403.151515151516,-9972.378787878788,-22341.25757575758,30662.227272727272,16239.257575757578,20057.22727272728,-25369.166666666664,-9255.575757575758,8593.015151515154,-17422.68181818182,-24476.166666666664,-9848.39393939394,-5770.09090909091,-8383.727272727272,-4622.818181818182,-8421.833333333334,-27690.98484848485,-6772.045454545455,-14165.12121212121,-6265.378787878787,-1988.8333333333328,-6969.98484848485,28765.893939393944,22941.424242424244,-17301.727272727272,-5574.378787878789,16200.939393939396,26954.575757575756,47440.333333333336,-8393.272727272728,14718.106060606062,-34215.181818181816,260.45454545454544,32.3706125902066,-92.78606060606064,15.11766448122716,211.10013058306603,7415.403751212122,3991.30776969697,-60.73886,73.16395015151518,-127.23440333333333
56,-119807.09090909091,11715.454545454548,38066.954545454544,-22545.13636363636,19120.090909090908,-17076.68181818182,8758.681818181818,7497.045454545453,-10855.181818181818,8698.045454545454,-16179.772727272724,5134.090909090909,6935.045454545455,-9549.227272727274,2566.227272727273,7500.318181818182,-9094.5,-1449.1363636363633,-5742.318181818182,-9645.40909090909,-6271.454545454546,7344.681818181818,5305.318181818182,-6750.818181818182,7914.681818181818,5600.727272727273,8123.272727272726,1556.2272727272725,7897.590909090909,-5347.5,-5723.772727272727,-7437.136363636364,5768.772727272727,3188.3636363636365,-2661.954545454545,-326.95454545454544,5477.136363636364,2892.6363636363635,959.7272727272727,2036.7272727272727,-390.0909090909091,1997.4090909090905,8789.59090909091,2037.2272727272727,4240.090909090908,1723.9545454545455,2163.5909090909086,1939.9545454545455,-8456.136363636364,-4179.272727272728,3624.5454545454545,1639.7727272727273,-2870.0909090909095,-4760.909090909091,-8393.272727272728,2515.3636363636365,-2522.5,10739.727272727274,-41.54545454545455,-7.088156698624652,17.197272727272733,-6.220184266685657,-86.54550105565916,-1663.0889227272726,-905.4252581818182,15.107794545454544,-9.689092272727274,32.66646090909091
57,107647.0,-74183.65151515152,-38285.022727272735,38035.55303030304,-26460.303030303035,29849.50757575758,-9412.931818181818,-7983.446969696968,14487.606060606062,-8193.295454545454,27764.00757575758,-6854.712121212122,-5451.795454545455,16784.159090909092,-6233.340909090909,-5648.037878787879,8224.84090909091,-12779.280303030304,2997.159090909091,17778.40151515152,10985.393939393942,-7102.310606060608,-9550.386363636364,12050.636363636364,-6710.553030303033,-6182.454545454546,-7578.242424242424,-3017.4015151515155,-6951.325757575759,9490.204545454546,5001.643939393941,6151.977272727273,-7833.189393939395,-2735.8939393939395,2612.128787878788,-5825.795454545455,-7488.507575757577,-3167.5303030303025,-1817.3181818181818,-2659.1818181818185,-1584.8636363636365,-2624.537878787879,-8578.64393939394,-2053.068181818182,-4382.348484848484,-1993.7651515151517,-487.58333333333337,-2155.8712121212125,8934.91666666667,7150.833333333333,-5387.545454545455,-1569.0833333333333,5144.621212121212,8369.075757575758,14718.106060606062,-2522.5,4600.628787878789,-10443.77272727273,81.04545454545456,10.003755654387204,-28.82742424242425,4.656930816985635,64.2516751319629,2267.7215516666665,1217.1675006060607,-18.65724,21.998950378787878,-38.7189546969697
58,-475500.7272727273,-146.81818181816823,186950.86363636365,-87599.04545454547,95467.72727272728,-68644.95454545454,44402.22727272727,35432.227272727265,-43631.72727272728,26448.409090909092,-63884.409090909096,20660.454545454548,42344.22727272727,-37994.409090909096,1786.6818181818182,45497.31818181819,-37050.5,-13601.954545454551,-24410.045454545456,-37128.409090909096,-25199.090909090915,41648.227272727265,1255.9545454545455,-26982.272727272728,50425.95454545454,29646.545454545456,37884.090909090904,2436.227272727273,46500.409090909096,-21475.954545454548,-23412.954545454548,-30333.772727272728,17971.227272727272,27760.27272727273,-11696.318181818182,-4448.5,41234.22727272727,14731.181818181816,2251.4545454545455,11906.181818181818,-4681.727272727273,8750.227272727272,43034.409090909096,11683.136363636364,25018.0,8191.772727272728,12658.5,13367.681818181816,-33693.04545454545,-16764.727272727272,15997.636363636364,3744.863636363637,-13651.818181818186,-18867.09090909091,-34215.181818181816,10739.727272727274,-10443.77272727273,61130.09090909091,-381.72727272727275,-23.020915176900377,51.545454545454525,-16.754153105988177,-245.13995917865887,-6606.875653636363,-3715.9802400000003,68.51419272727273,-38.89269863636364,200.90945000000002
Sample,1755.4545454545455,-1824.0909090909095,-1286.0454545454545,560.1363636363637,-570.6363636363636,489.3181818181818,-379.5,-275.4090909090909,254.0909090909091,-96.86363636363636,438.3181818181818,-248.54545454545456,-518.7727272727273,267.6818181818182,-129.6818181818182,-432.04545454545445,183.13636363636365,-321.1363636363636,84.22727272727273,250.22727272727275,188.9090909090909,-321.68181818181824,95.95454545454545,193.27272727272728,-474.8636363636365,-233.8181818181818,-69.36363636363639,-44.590909090909086,-335.49999999999994,161.6818181818182,114.22727272727273,136.4090909090909,-26.954545454545457,-236.63636363636365,67.68181818181817,-137.95454545454547,-403.7727272727273,-74.72727272727273,24.727272727272727,-87.27272727272728,28.272727272727273,-33.68181818181819,-406.22727272727275,-87.68181818181819,-172.72727272727275,-29.772727272727273,-125.95454545454545,-133.95454545454547,173.95454545454547,120.18181818181819,-167.27272727272728,70.5,166.45454545454547,132.63636363636363,260.45454545454544,-41.54545454545455,81.04545454545456,-381.72727272727275,13.0,0.1344590409193451,-0.3936363636363632,-0.004678103367625419,0.14662612733076114,37.19795545454546,18.342061818181815,-0.6304581818181819,0.38430136363636364,-2.448975454545454
moisture_content,522.7140516349308,-229.2824578972002,-100.26721273625502,87.67133816699878,-50.67395847140339,66.90903253635916,-25.455491288764048,-20.85935538193069,44.13533820603434,-29.786010994719557,61.144076767166936,-21.01953414350398,-15.4951938464324,37.0310654029263,-21.982645962876152,-14.353627647384837,38.455188946277715,-37.463277189820126,25.21301694199428,36.045763605138305,23.96516004220707,-15.267598287814417,-37.159890508303945,26.241986182473532,-11.922102425547076,-14.79028914175688,-18.432283221071007,-10.506611508486618,-14.237449168085618,20.639575295548248,24.62442126967206,32.546052307452044,-24.905815237794027,1.252046318210294,10.990228869597813,-17.538907741579347,-9.272147903915874,-7.3246430698211356,-5.9556066030156245,-5.7394921865312565,-5.7889151403552805,-7.440234110895439,-21.3905822490937,-4.662535136967433,-10.042680924719619,-4.468149017052641,-2.105307233259965,-3.7946999507448353,35.8063174733207,15.704213044196118,-14.876720124980151,-5.306566437173737,11.229075460379505,18.283772790490843,32.3706125902066,-7.088156698624652,10.003755654387204,-23.020915176900377,0.1344590409193451,0.03434857886113552,-0.09348020892684938,0.03617916837760331,0.4763100252931933,7.175799580294347,3.675349536067139,-0.04929979986157619,0.043555924964046026,-0.07011089829381176
pH,-1372.319090909091,813.4324242424242,224.34045454545458,-248.27348484848488,118.54666666666675,-189.58348484848491,63.325909090909086,49.43196969696971,-121.58333333333334,74.58136363636363,-175.31712121212126,55.94484848484849,17.384999999999966,-105.57136363636364,62.110454545454616,18.570151515151487,-102.96227272727275,137.80257575757588,-63.95409090909091,-103.68015151515156,-68.70939393939396,33.027424242424246,121.77681818181819,-74.89545454545456,18.136212121212118,37.28727272727272,43.19151515151516,33.276515151515156,25.24621212121212,-58.8477272727273,-65.78257575757576,-86.23318181818182,68.83621212121214,-2.6860606060606105,-29.417424242424236,66.97227272727274,32.06621212121211,18.05303030303031,18.36000000000001,16.110000000000003,20.572727272727278,20.211969696969703,49.21439393939395,10.517727272727269,23.06484848484848,11.075606060606074,-4.4307575757575846,8.955303030303025,-97.07530303030302,-45.2187878787879,42.75181818181818,13.97106060606061,-32.82939393939395,-52.22484848484851,-92.78606060606064,17.197272727272733,-28.82742424242425,51.545454545454525,-0.3936363636363632,-0.09348020892684938,0.2725606060606061,-0.09308668832282735,-1.2273603576421577,-19.392240403030303,-9.707582860606063,0.1327779090909091,-0.12351898333333336,0.19461970606060605
N_prop,795.3921154280007,-222.9197270389153,-88.264606628287,48.07200721216948,-21.311278339946494,32.197953527180736,-21.646538715638133,-18.367079535252927,44.482756215535304,-28.038972834915196,29.338817190631627,-20.426362560185726,-11.187487367480902,17.039585678029386,-25.348032405138607,-9.72368488085622,58.48263554283233,-40.068204874978726,47.915855687547946,10.886937819439552,10.74698399237585,-11.495977664456413,-40.987276202840356,11.294492394598999,-5.3621967877698555,-11.460914308751459,-16.172333177215332,-10.35767720554842,-9.2244310400211,8.862119580979536,38.27776638852585,52.28555622965064,-24.784265519977488,6.086179646384726,15.567209169605468,-16.77652783275802,-1.211232343591901,-6.244055508025574,-6.284438224349532,-4.429304427795945,-6.620632547842857,-7.624224789442382,-18.27936624796425,-3.3532510455460094,-7.382547149412576,-3.709509074188614,-2.1668449116688158,-2.0097827772905754,48.440269404712446,7.5483154026203,-12.904758607070999,-4.89538547383511,5.804107863861003,8.17033709893724,15.11766448122716,-6.220184266685657,4.656930816985635,-16.754153105988177,-0.004678103367625419,0.03617916837760331,-0.09308668832282735,0.06241682780508796,0.8090011715827317,7.275470584003715,3.5281635813848022,-0.04341188686023102,0.004330545905914244,-0.04185785834284608
C_prop,10474.533719224997,-2890.3231142014006,-1201.8487004374967,662.2644088243738,-282.8623374601609,445.4203581607602,-306.0942323297529,-249.63977209592218,594.7877796371095,-393.9581149140799,411.55378232873244,-271.0125556339659,-161.23826416202013,237.5029724647004,-307.8725441244402,-147.64023727547456,773.0930968007921,-481.13214091625434,629.1757162500493,158.86687294053837,150.83402430305907,-161.18739440879855,-551.9575804557281,157.9534812596761,-90.23644959850452,-161.6664071582773,-223.07039656450277,-138.5084851504949,-134.6144572638592,124.11918611651663,505.2758253040271,688.8443845358986,-327.54483523777793,63.469450785312304,206.40608354251742,-214.01565839049823,-39.11694516614706,-83.28577965478823,-82.01323692916945,-61.51024439084158,-81.09212262552124,-102.4996790953306,-250.0985606052438,-49.48749950835934,-106.62768420183555,-49.3335475500779,-35.0499926876808,-31.94742590134235,641.400125839528,106.20557221587636,-175.10211934907713,-68.78233466782275,80.55134088024236,114.43417040778063,211.10013058306603,-86.54550105565916,64.2516751319629,-245.13995917865887,0.14662612733076114,0.4763100252931933,-1.2273603576421577,0.8090011715827317,10.528632425885531,96.36275934625337,46.744708716625745,-0.5926224800931081,0.06298770861699593,-0.6381496858005731
NH4N_prop,116628.55151818179,-44089.12042393939,-23853.860052272725,19340.428304696972,-12245.287056969699,15848.913240151518,-6097.040985,-5100.346069848485,9902.156506666668,-5748.320190454546,13228.240595606061,-4646.012545151514,-3219.757198636363,8487.418224090909,-3911.727702272727,-3520.696599848485,8249.92019409091,-6816.194751969698,5968.454415,7794.405479848484,5439.851395151516,-4232.631638030303,-7007.891981363637,6113.247763636364,-4047.3354356060613,-3765.291472727273,-4595.730843030303,-2087.1669053030305,-4128.451263787879,4789.170721363636,5488.732137424243,7328.283896818181,-5415.117782878789,-1731.8311796969697,2651.621298030303,-3190.6033949999996,-4648.567529242425,-1835.566725151515,-1262.8867045454547,-1567.0191345454548,-1071.5762718181818,-1710.9993843939394,-5526.075355606061,-1311.2276640909092,-2665.6256687878786,-1131.9092325757574,-403.42694530303015,-1324.6645056060606,7766.737708333334,3417.035785757576,-3260.842365454546,-1165.930218939394,2389.2849251515154,4120.70087969697,7415.403751212122,-1663.0889227272726,2267.7215516666665,-6606.875653636363,37.19795545454546,7.175799580294347,-19.392240403030303,7.275470584003715,96.36275934625337,1725.7058987235241,920.675862358085,-12.079800162436365,12.888333489998484,-25.07231062511212
Si04Si_prop,58054.472865454554,-19615.48562060606,-13328.878512727275,10271.359950303033,-7232.395019393938,8656.596488484847,-3211.579305454546,-2823.318671515152,5102.034322424243,-2892.790981818182,6972.361412121212,-2432.907663030303,-1845.6180400000003,4586.500749090909,-1966.1464072727272,-2023.0626351515152,3997.756687272728,-2722.1546121212127,2950.6919272727278,4182.914722424242,2924.850328484849,-2437.1016642424242,-3142.2044690909097,3328.2117018181816,-2411.1969975757575,-2035.2824799999999,-2618.258406060606,-979.3123369696972,-2445.071906666667,2604.897781818182,2700.294426666667,3615.849974545455,-2834.773208484849,-1102.9791903030305,1358.4977042424243,-1308.3105381818184,-2590.880786666667,-1040.3385066666667,-619.3766727272729,-841.5570036363638,-488.0614836363637,-872.2369006060607,-3141.372190303031,-726.2078981818181,-1459.5543030303027,-634.6217987878788,-277.77954060606055,-746.3424521212121,3846.4732557575758,1798.8416387878788,-1642.342392727273,-630.2292351515151,1214.8396484848483,2215.2263975757573,3991.30776969697,-905.4252581818182,1217.1675006060607,-3715.9802400000003,18.342061818181815,3.675349536067139,-9.707582860606063,3.5281635813848022,46.744708716625745,920.675862358085,503.27911401260604,-6.4181608277818185,7.697651168751516,-13.872812071151518
N02N_prop,-884.3817690909091,232.3799036363636,249.44189454545457,-160.89926363636363,133.62439999999998,-122.55774363636365,56.30126727272727,54.62775818181819,-79.64607636363635,42.24636181818182,-115.91634727272725,42.13303818181818,30.783950909090912,-68.31576181818183,36.46381454545455,35.44493272727273,-68.88015272727273,47.14836,-43.300129090909095,-68.26013090909092,-45.29955818181819,52.17923454545455,40.82242181818182,-48.30846363636364,54.05249818181819,39.142650909090904,49.977199999999996,13.690307272727273,50.146040000000006,-38.45429636363637,-43.581210909090906,-56.4059490909091,41.20235636363637,32.96978363636364,-20.028641818181818,11.406945454545454,57.01296363636364,20.778100000000002,7.596158181818182,15.991156363636364,1.3869545454545449,14.990894545454546,68.39720363636364,13.11738909090909,25.64825454545454,13.283620000000003,7.797745454545456,15.261705454545455,-63.3083309090909,-30.10948181818182,28.115932727272728,6.846038181818184,-23.439385454545455,-34.05053272727273,-60.73886,15.107794545454544,-18.65724,68.51419272727273,-0.6304581818181819,-0.04929979986157619,0.1327779090909091,-0.04341188686023102,-0.5926224800931081,-12.079800162436365,-6.4181608277818185,0.12259243359999998,-0.07004609678181817,0.3309380780363637
PO4P_prop,128.94424636363638,-283.69619469696966,-134.35197795454545,160.63233598484854,-103.72719303030303,166.89612553030307,-35.09304977272727,-28.72676765151515,50.894719696969716,-34.995399772727275,107.5913359848485,-24.158210757575752,-20.596900227272727,84.21870750000001,-19.185329318181818,-21.721655378787883,-2.1520411363636365,-43.60603962121212,-1.9137779545454547,74.11779901515152,52.828715757575765,-22.253530833333333,-32.06812613636364,64.36741363636365,-23.935694166666664,-21.84764454545455,-23.78716424242424,-12.80898628787879,-23.62880825757576,50.16967431818182,4.195204166666667,5.696947499999999,-29.863485984848488,-9.791401666666669,10.10113628787879,-22.172151136363635,-27.94062643939394,-9.773224393939396,-5.290530454545454,-8.685777272727274,-6.449395,-5.578814015151515,-29.635635984848484,-7.292404772727274,-15.03045803030303,-5.436650833333333,2.337021893939394,-7.9238137121212135,14.041734166666668,28.038180151515153,-19.25565,-8.053713106060606,16.039592575757577,39.39265348484849,73.16395015151518,-9.689092272727274,21.998950378787878,-38.89269863636364,0.38430136363636364,0.043555924964046026,-0.12351898333333336,0.004330545905914244,0.06298770861699593,12.888333489998484,7.697651168751516,-0.07004609678181817,0.2367166556265152,-0.14447676766515155
NO3N_prop,-1874.4382363636364,223.18349242424244,576.9976704545456,-334.53412893939395,312.5321393939394,-259.2809916666667,137.31131590909092,140.90753833333335,-168.91974060606063,39.467504999999996,-243.7183943939394,100.21326212121211,59.59557863636364,-142.96449681818183,52.31891318181819,86.76971015151516,-146.401185,75.79806712121214,-98.51186227272727,-143.70727742424245,-95.59833393939394,149.50217015151514,30.089490454545466,-101.38364727272729,187.8403216666667,104.31821272727274,109.81970787878787,20.119719242424242,146.6194153030303,-80.93064318181818,-93.48564166666665,-120.3112368181818,76.51661075757575,172.08412030303035,-44.67974106060607,-7.062595909090915,256.3817825757576,49.61584939393939,12.68781181818182,46.05769636363637,-7.674386363636361,37.7102546969697,193.20116348484845,40.24958954545455,68.77380575757576,35.25435560606061,19.659399242424247,56.464824393939395,-129.99920712121212,-63.706183333333335,60.25836727272728,5.288787424242425,-55.319169393939404,-71.39875484848486,-127.23440333333333,32.66646090909091,-38.7189546969697,200.90945000000002,-2.448975454545454,-0.07011089829381176,0.19461970606060605,-0.04185785834284608,-0.6381496858005731,-25.07231062511212,-13.872812071151518,0.3309380780363637,-0.14447676766515155,1.2850360845424242
